Test_Name,Width,Height,Sequence,Iterations,Time_CUDA_ms
Iter_500,2048,2048,ABBA,500,974.095
Iter_500,2048,2048,ABBA,500,972.402
Iter_500,2048,2048,ABBA,500,982.053
Iter_500,2048,2048,ABBA,500,964.699
Iter_500,2048,2048,ABBA,500,968.061
Iter_500,2048,2048,ABBA,500,974.314
Iter_500,2048,2048,ABBA,500,975.046
Iter_500,2048,2048,ABBA,500,957.444
Iter_500,2048,2048,ABBA,500,954.432
Iter_500,2048,2048,ABBA,500,954.989
Iter_500,2048,2048,ABBA,500,971.435
Iter_500,2048,2048,ABBA,500,973.738
Iter_500,2048,2048,ABBA,500,957.119
Iter_500,2048,2048,ABBA,500,962.275
Iter_500,2048,2048,ABBA,500,961.782
Iter_500,2048,2048,ABBA,500,967.372
Iter_500,2048,2048,ABBA,500,974.322
Iter_500,2048,2048,ABBA,500,966.405
Iter_500,2048,2048,ABBA,500,976.492
Iter_500,2048,2048,ABBA,500,976.16
Iter_500,2048,2048,ABBA,500,971.604
Iter_500,2048,2048,ABBA,500,973.985
Iter_500,2048,2048,ABBA,500,958.3
Iter_500,2048,2048,ABBA,500,963.722
Iter_500,2048,2048,ABBA,500,966.654
Iter_500,2048,2048,ABBA,500,969.791
Iter_500,2048,2048,ABBA,500,972.066
Iter_500,2048,2048,ABBA,500,980.508
Iter_500,2048,2048,ABBA,500,965.471
Iter_500,2048,2048,ABBA,500,967.767
Iter_500,2048,2048,ABBA,500,970.711
Iter_500,2048,2048,ABBA,500,977.397
Iter_500,2048,2048,ABBA,500,973.154
Iter_500,2048,2048,ABBA,500,979.38
Iter_500,2048,2048,ABBA,500,968.964
Iter_500,2048,2048,ABBA,500,967.889
Iter_500,2048,2048,ABBA,500,973.342
Iter_500,2048,2048,ABBA,500,970.235
Iter_500,2048,2048,ABBA,500,966.899
Iter_500,2048,2048,ABBA,500,974.377
Iter_500,2048,2048,ABBA,500,966.638
Iter_500,2048,2048,ABBA,500,969.83
Iter_500,2048,2048,ABBA,500,962.365
Iter_500,2048,2048,ABBA,500,969.041
Iter_500,2048,2048,ABBA,500,978.929
Iter_500,2048,2048,ABBA,500,964.809
Iter_500,2048,2048,ABBA,500,969.778
Iter_500,2048,2048,ABBA,500,958.507
Iter_500,2048,2048,ABBA,500,963.878
Iter_500,2048,2048,ABBA,500,968.573
Iter_500,2048,2048,ABBA,500,955.643
Iter_500,2048,2048,ABBA,500,963.945
Iter_500,2048,2048,ABBA,500,976.455
Iter_500,2048,2048,ABBA,500,962.867
Iter_500,2048,2048,ABBA,500,966.598
Iter_500,2048,2048,ABBA,500,976.191
Iter_500,2048,2048,ABBA,500,973.838
Iter_500,2048,2048,ABBA,500,972.637
Iter_500,2048,2048,ABBA,500,964.975
Iter_500,2048,2048,ABBA,500,974.474
Iter_500,2048,2048,ABBA,500,963.915
Iter_500,2048,2048,ABBA,500,971.42
Iter_500,2048,2048,ABBA,500,975.071
Iter_500,2048,2048,ABBA,500,969.521
Iter_500,2048,2048,ABBA,500,973.856
Iter_500,2048,2048,ABBA,500,979.366
Iter_500,2048,2048,ABBA,500,968.063
Iter_500,2048,2048,ABBA,500,969.848
Iter_500,2048,2048,ABBA,500,963.773
Iter_500,2048,2048,ABBA,500,965.112
Iter_500,2048,2048,ABBA,500,968.902
Iter_500,2048,2048,ABBA,500,971.865
Iter_500,2048,2048,ABBA,500,973.187
Iter_500,2048,2048,ABBA,500,971.935
Iter_500,2048,2048,ABBA,500,971.317
Iter_500,2048,2048,ABBA,500,972.707
Iter_500,2048,2048,ABBA,500,978.314
Iter_500,2048,2048,ABBA,500,964.98
Iter_500,2048,2048,ABBA,500,973.384
Iter_500,2048,2048,ABBA,500,973.756
Iter_500,2048,2048,ABBA,500,966.854
Iter_500,2048,2048,ABBA,500,974.614
Iter_500,2048,2048,ABBA,500,958.802
Iter_500,2048,2048,ABBA,500,963.885
Iter_500,2048,2048,ABBA,500,969.818
Iter_500,2048,2048,ABBA,500,971.835
Iter_500,2048,2048,ABBA,500,970.521
Iter_500,2048,2048,ABBA,500,956.568
Iter_500,2048,2048,ABBA,500,965.252
Iter_500,2048,2048,ABBA,500,957.651
Iter_500,2048,2048,ABBA,500,966.92
Iter_500,2048,2048,ABBA,500,973.529
Iter_500,2048,2048,ABBA,500,960.48
Iter_500,2048,2048,ABBA,500,969.456
Iter_500,2048,2048,ABBA,500,975.141
Iter_500,2048,2048,ABBA,500,966.419
Iter_500,2048,2048,ABBA,500,974.845
Iter_500,2048,2048,ABBA,500,968.461
Iter_500,2048,2048,ABBA,500,970.738
Iter_500,2048,2048,ABBA,500,970.98
Iter_1000,2048,2048,ABBA,1000,1899.45
Iter_1000,2048,2048,ABBA,1000,1928.51
Iter_1000,2048,2048,ABBA,1000,1918.78
Iter_1000,2048,2048,ABBA,1000,1930.52
Iter_1000,2048,2048,ABBA,1000,1922.78
Iter_1000,2048,2048,ABBA,1000,1934.78
Iter_1000,2048,2048,ABBA,1000,1924.01
Iter_1000,2048,2048,ABBA,1000,1920.77
Iter_1000,2048,2048,ABBA,1000,1912.44
Iter_1000,2048,2048,ABBA,1000,1910.34
Iter_1000,2048,2048,ABBA,1000,1922.25
Iter_1000,2048,2048,ABBA,1000,1913.49
Iter_1000,2048,2048,ABBA,1000,1928.35
Iter_1000,2048,2048,ABBA,1000,1918.1
Iter_1000,2048,2048,ABBA,1000,1922.8
Iter_1000,2048,2048,ABBA,1000,1931.6
Iter_1000,2048,2048,ABBA,1000,1918.83
Iter_1000,2048,2048,ABBA,1000,1918.85
Iter_1000,2048,2048,ABBA,1000,1906.73
Iter_1000,2048,2048,ABBA,1000,1920.5
Iter_1000,2048,2048,ABBA,1000,1914.61
Iter_1000,2048,2048,ABBA,1000,1904.98
Iter_1000,2048,2048,ABBA,1000,1924.25
Iter_1000,2048,2048,ABBA,1000,1919
Iter_1000,2048,2048,ABBA,1000,1911.92
Iter_1000,2048,2048,ABBA,1000,1920.09
Iter_1000,2048,2048,ABBA,1000,1911.62
Iter_1000,2048,2048,ABBA,1000,1920.95
Iter_1000,2048,2048,ABBA,1000,1918.58
Iter_1000,2048,2048,ABBA,1000,1908.11
Iter_1000,2048,2048,ABBA,1000,1902.47
Iter_1000,2048,2048,ABBA,1000,1933.95
Iter_1000,2048,2048,ABBA,1000,1921.65
Iter_1000,2048,2048,ABBA,1000,1916.68
Iter_1000,2048,2048,ABBA,1000,1922.59
Iter_1000,2048,2048,ABBA,1000,1931.14
Iter_1000,2048,2048,ABBA,1000,1924.46
Iter_1000,2048,2048,ABBA,1000,1919.78
Iter_1000,2048,2048,ABBA,1000,1922.21
Iter_1000,2048,2048,ABBA,1000,1907.57
Iter_1000,2048,2048,ABBA,1000,1920.82
Iter_1000,2048,2048,ABBA,1000,1924.23
Iter_1000,2048,2048,ABBA,1000,1921.8
Iter_1000,2048,2048,ABBA,1000,1920.69
Iter_1000,2048,2048,ABBA,1000,1930.79
Iter_1000,2048,2048,ABBA,1000,1924.67
Iter_1000,2048,2048,ABBA,1000,1930.08
Iter_1000,2048,2048,ABBA,1000,1909.91
Iter_1000,2048,2048,ABBA,1000,1918.21
Iter_1000,2048,2048,ABBA,1000,1907.39
Iter_1000,2048,2048,ABBA,1000,1916.52
Iter_1000,2048,2048,ABBA,1000,1910.02
Iter_1000,2048,2048,ABBA,1000,1902.25
Iter_1000,2048,2048,ABBA,1000,1908.06
Iter_1000,2048,2048,ABBA,1000,1920.09
Iter_1000,2048,2048,ABBA,1000,1921.94
Iter_1000,2048,2048,ABBA,1000,1911.92
Iter_1000,2048,2048,ABBA,1000,1913.45
Iter_1000,2048,2048,ABBA,1000,1922.05
Iter_1000,2048,2048,ABBA,1000,1901.61
Iter_1000,2048,2048,ABBA,1000,1915.25
Iter_1000,2048,2048,ABBA,1000,1902.28
Iter_1000,2048,2048,ABBA,1000,1931.56
Iter_1000,2048,2048,ABBA,1000,1917.58
Iter_1000,2048,2048,ABBA,1000,1927.4
Iter_1000,2048,2048,ABBA,1000,1931.75
Iter_1000,2048,2048,ABBA,1000,1920.47
Iter_1000,2048,2048,ABBA,1000,1930.5
Iter_1000,2048,2048,ABBA,1000,1909.77
Iter_1000,2048,2048,ABBA,1000,1921.54
Iter_1000,2048,2048,ABBA,1000,1912.82
Iter_1000,2048,2048,ABBA,1000,1926.49
Iter_1000,2048,2048,ABBA,1000,1922.97
Iter_1000,2048,2048,ABBA,1000,1910
Iter_1000,2048,2048,ABBA,1000,1916.51
Iter_1000,2048,2048,ABBA,1000,1923.46
Iter_1000,2048,2048,ABBA,1000,1926.83
Iter_1000,2048,2048,ABBA,1000,1933.43
Iter_1000,2048,2048,ABBA,1000,1919.12
Iter_1000,2048,2048,ABBA,1000,1920.27
Iter_1000,2048,2048,ABBA,1000,1911.47
Iter_1000,2048,2048,ABBA,1000,1907.34
Iter_1000,2048,2048,ABBA,1000,1916.5
Iter_1000,2048,2048,ABBA,1000,1911.38
Iter_1000,2048,2048,ABBA,1000,1910.73
Iter_1000,2048,2048,ABBA,1000,1907.92
Iter_1000,2048,2048,ABBA,1000,1909.59
Iter_1000,2048,2048,ABBA,1000,1917.29
Iter_1000,2048,2048,ABBA,1000,1910.59
Iter_1000,2048,2048,ABBA,1000,1918.33
Iter_1000,2048,2048,ABBA,1000,1906.83
Iter_1000,2048,2048,ABBA,1000,1905.58
Iter_1000,2048,2048,ABBA,1000,1908.67
Iter_1000,2048,2048,ABBA,1000,1919.78
Iter_1000,2048,2048,ABBA,1000,1926.19
Iter_1000,2048,2048,ABBA,1000,1932.36
Iter_1000,2048,2048,ABBA,1000,1916.4
Iter_1000,2048,2048,ABBA,1000,1927.13
Iter_1000,2048,2048,ABBA,1000,1920.12
Iter_1000,2048,2048,ABBA,1000,1919.78
Iter_2000,2048,2048,ABBA,2000,3814.58
Iter_2000,2048,2048,ABBA,2000,3812.73
Iter_2000,2048,2048,ABBA,2000,3816.57
Iter_2000,2048,2048,ABBA,2000,3837.06
Iter_2000,2048,2048,ABBA,2000,3834.49
Iter_2000,2048,2048,ABBA,2000,3833.29
Iter_2000,2048,2048,ABBA,2000,3812.16
Iter_2000,2048,2048,ABBA,2000,3772.96
Iter_2000,2048,2048,ABBA,2000,3793.46
Iter_2000,2048,2048,ABBA,2000,3790.09
Iter_2000,2048,2048,ABBA,2000,3790.42
Iter_2000,2048,2048,ABBA,2000,3811.44
Iter_2000,2048,2048,ABBA,2000,3799.88
Iter_2000,2048,2048,ABBA,2000,3804.37
Iter_2000,2048,2048,ABBA,2000,3807.1
Iter_2000,2048,2048,ABBA,2000,3781.88
Iter_2000,2048,2048,ABBA,2000,3785.89
Iter_2000,2048,2048,ABBA,2000,3835.05
Iter_2000,2048,2048,ABBA,2000,3835.05
Iter_2000,2048,2048,ABBA,2000,3831.56
Iter_2000,2048,2048,ABBA,2000,3826.66
Iter_2000,2048,2048,ABBA,2000,3827.58
Iter_2000,2048,2048,ABBA,2000,3822.03
Iter_2000,2048,2048,ABBA,2000,3808.67
Iter_2000,2048,2048,ABBA,2000,3811.77
Iter_2000,2048,2048,ABBA,2000,3815.62
Iter_2000,2048,2048,ABBA,2000,3815.45
Iter_2000,2048,2048,ABBA,2000,3826.84
Iter_2000,2048,2048,ABBA,2000,3829.27
Iter_2000,2048,2048,ABBA,2000,3829.91
Iter_2000,2048,2048,ABBA,2000,3792.14
Iter_2000,2048,2048,ABBA,2000,3774.44
Iter_2000,2048,2048,ABBA,2000,3780.01
Iter_2000,2048,2048,ABBA,2000,3778.56
Iter_2000,2048,2048,ABBA,2000,3796.69
Iter_2000,2048,2048,ABBA,2000,3806.34
Iter_2000,2048,2048,ABBA,2000,3807.35
Iter_2000,2048,2048,ABBA,2000,3809.89
Iter_2000,2048,2048,ABBA,2000,3782.78
Iter_2000,2048,2048,ABBA,2000,3786.92
Iter_2000,2048,2048,ABBA,2000,3833.2
Iter_2000,2048,2048,ABBA,2000,3831.3
Iter_2000,2048,2048,ABBA,2000,3830.91
Iter_2000,2048,2048,ABBA,2000,3835.42
Iter_2000,2048,2048,ABBA,2000,3831.73
Iter_2000,2048,2048,ABBA,2000,3824.53
Iter_2000,2048,2048,ABBA,2000,3802.2
Iter_2000,2048,2048,ABBA,2000,3801.2
Iter_2000,2048,2048,ABBA,2000,3808.45
Iter_2000,2048,2048,ABBA,2000,3816.91
Iter_2000,2048,2048,ABBA,2000,3827.22
Iter_2000,2048,2048,ABBA,2000,3824.72
Iter_2000,2048,2048,ABBA,2000,3827.35
Iter_2000,2048,2048,ABBA,2000,3791.92
Iter_2000,2048,2048,ABBA,2000,3785.86
Iter_2000,2048,2048,ABBA,2000,3785.41
Iter_2000,2048,2048,ABBA,2000,3790.05
Iter_2000,2048,2048,ABBA,2000,3791.41
Iter_2000,2048,2048,ABBA,2000,3813.62
Iter_2000,2048,2048,ABBA,2000,3817.8
Iter_2000,2048,2048,ABBA,2000,3818.01
Iter_2000,2048,2048,ABBA,2000,3790.12
Iter_2000,2048,2048,ABBA,2000,3789.52
Iter_2000,2048,2048,ABBA,2000,3821.32
Iter_2000,2048,2048,ABBA,2000,3837.8
Iter_2000,2048,2048,ABBA,2000,3831.55
Iter_2000,2048,2048,ABBA,2000,3825.85
Iter_2000,2048,2048,ABBA,2000,3823.98
Iter_2000,2048,2048,ABBA,2000,3827.47
Iter_2000,2048,2048,ABBA,2000,3807.98
Iter_2000,2048,2048,ABBA,2000,3807.03
Iter_2000,2048,2048,ABBA,2000,3807.28
Iter_2000,2048,2048,ABBA,2000,3813.32
Iter_2000,2048,2048,ABBA,2000,3823.52
Iter_2000,2048,2048,ABBA,2000,3820.45
Iter_2000,2048,2048,ABBA,2000,3822.12
Iter_2000,2048,2048,ABBA,2000,3795.36
Iter_2000,2048,2048,ABBA,2000,3789.89
Iter_2000,2048,2048,ABBA,2000,3792.9
Iter_2000,2048,2048,ABBA,2000,3775.95
Iter_2000,2048,2048,ABBA,2000,3799.43
Iter_2000,2048,2048,ABBA,2000,3808.05
Iter_2000,2048,2048,ABBA,2000,3808.34
Iter_2000,2048,2048,ABBA,2000,3802.46
Iter_2000,2048,2048,ABBA,2000,3780.95
Iter_2000,2048,2048,ABBA,2000,3788.18
Iter_2000,2048,2048,ABBA,2000,3822.94
Iter_2000,2048,2048,ABBA,2000,3827
Iter_2000,2048,2048,ABBA,2000,3826.66
Iter_2000,2048,2048,ABBA,2000,3826.85
Iter_2000,2048,2048,ABBA,2000,3827.66
Iter_2000,2048,2048,ABBA,2000,3824.78
Iter_2000,2048,2048,ABBA,2000,3806.36
Iter_2000,2048,2048,ABBA,2000,3808.14
Iter_2000,2048,2048,ABBA,2000,3802.5
Iter_2000,2048,2048,ABBA,2000,3825.18
Iter_2000,2048,2048,ABBA,2000,3836.99
Iter_2000,2048,2048,ABBA,2000,3836.44
Iter_2000,2048,2048,ABBA,2000,3830.29
Iter_2000,2048,2048,ABBA,2000,3807.22
Iter_4000,2048,2048,ABBA,4000,7568.81
Iter_4000,2048,2048,ABBA,4000,7571.2
Iter_4000,2048,2048,ABBA,4000,7599
Iter_4000,2048,2048,ABBA,4000,7602.48
Iter_4000,2048,2048,ABBA,4000,7575.86
Iter_4000,2048,2048,ABBA,4000,7564.12
Iter_4000,2048,2048,ABBA,4000,7634.73
Iter_4000,2048,2048,ABBA,4000,7632.21
Iter_4000,2048,2048,ABBA,4000,7625.66
Iter_4000,2048,2048,ABBA,4000,7624.32
Iter_4000,2048,2048,ABBA,4000,7634.23
Iter_4000,2048,2048,ABBA,4000,7587.51
Iter_4000,2048,2048,ABBA,4000,7594.46
Iter_4000,2048,2048,ABBA,4000,7596.06
Iter_4000,2048,2048,ABBA,4000,7639.98
Iter_4000,2048,2048,ABBA,4000,7637.06
Iter_4000,2048,2048,ABBA,4000,7577.58
Iter_4000,2048,2048,ABBA,4000,7571.79
Iter_4000,2048,2048,ABBA,4000,7587.3
Iter_4000,2048,2048,ABBA,4000,7596.01
Iter_4000,2048,2048,ABBA,4000,7585.6
Iter_4000,2048,2048,ABBA,4000,7566.14
Iter_4000,2048,2048,ABBA,4000,7558.74
Iter_4000,2048,2048,ABBA,4000,7641.83
Iter_4000,2048,2048,ABBA,4000,7626.63
Iter_4000,2048,2048,ABBA,4000,7630.57
Iter_4000,2048,2048,ABBA,4000,7631.4
Iter_4000,2048,2048,ABBA,4000,7631.72
Iter_4000,2048,2048,ABBA,4000,7586.05
Iter_4000,2048,2048,ABBA,4000,7585.76
Iter_4000,2048,2048,ABBA,4000,7597.62
Iter_4000,2048,2048,ABBA,4000,7633.07
Iter_4000,2048,2048,ABBA,4000,7634.3
Iter_4000,2048,2048,ABBA,4000,7569.91
Iter_4000,2048,2048,ABBA,4000,7560.54
Iter_4000,2048,2048,ABBA,4000,7572.47
Iter_4000,2048,2048,ABBA,4000,7589.81
Iter_4000,2048,2048,ABBA,4000,7599.26
Iter_4000,2048,2048,ABBA,4000,7565.82
Iter_4000,2048,2048,ABBA,4000,7573.29
Iter_4000,2048,2048,ABBA,4000,7641.48
Iter_4000,2048,2048,ABBA,4000,7638.95
Iter_4000,2048,2048,ABBA,4000,7633.41
Iter_4000,2048,2048,ABBA,4000,7625.44
Iter_4000,2048,2048,ABBA,4000,7641.88
Iter_4000,2048,2048,ABBA,4000,7600.19
Iter_4000,2048,2048,ABBA,4000,7595.85
Iter_4000,2048,2048,ABBA,4000,7603.33
Iter_4000,2048,2048,ABBA,4000,7641.17
Iter_4000,2048,2048,ABBA,4000,7632.76
Iter_4000,2048,2048,ABBA,4000,7571.16
Iter_4000,2048,2048,ABBA,4000,7571.67
Iter_4000,2048,2048,ABBA,4000,7583.57
Iter_4000,2048,2048,ABBA,4000,7587.2
Iter_4000,2048,2048,ABBA,4000,7584.98
Iter_4000,2048,2048,ABBA,4000,7558.7
Iter_4000,2048,2048,ABBA,4000,7568.8
Iter_4000,2048,2048,ABBA,4000,7632.84
Iter_4000,2048,2048,ABBA,4000,7628.57
Iter_4000,2048,2048,ABBA,4000,7633.27
Iter_4000,2048,2048,ABBA,4000,7626.5
Iter_4000,2048,2048,ABBA,4000,7624.43
Iter_4000,2048,2048,ABBA,4000,7594.43
Iter_4000,2048,2048,ABBA,4000,7594.55
Iter_4000,2048,2048,ABBA,4000,7592.83
Iter_4000,2048,2048,ABBA,4000,7633.5
Iter_4000,2048,2048,ABBA,4000,7631.85
Iter_4000,2048,2048,ABBA,4000,7580.87
Iter_4000,2048,2048,ABBA,4000,7571.6
Iter_4000,2048,2048,ABBA,4000,7568.1
Iter_4000,2048,2048,ABBA,4000,7587.97
Iter_4000,2048,2048,ABBA,4000,7590.44
Iter_4000,2048,2048,ABBA,4000,7566.15
Iter_4000,2048,2048,ABBA,4000,7571.38
Iter_4000,2048,2048,ABBA,4000,7631.96
Iter_4000,2048,2048,ABBA,4000,7626.12
Iter_4000,2048,2048,ABBA,4000,7626.99
Iter_4000,2048,2048,ABBA,4000,7641.87
Iter_4000,2048,2048,ABBA,4000,7625.36
Iter_4000,2048,2048,ABBA,4000,7636.13
Iter_4000,2048,2048,ABBA,4000,7589.87
Iter_4000,2048,2048,ABBA,4000,7593.3
Iter_4000,2048,2048,ABBA,4000,7634.18
Iter_4000,2048,2048,ABBA,4000,7641.99
Iter_4000,2048,2048,ABBA,4000,7569.65
Iter_4000,2048,2048,ABBA,4000,7560.88
Iter_4000,2048,2048,ABBA,4000,7578.77
Iter_4000,2048,2048,ABBA,4000,7597.47
Iter_4000,2048,2048,ABBA,4000,7602.4
Iter_4000,2048,2048,ABBA,4000,7556.73
Iter_4000,2048,2048,ABBA,4000,7560.2
Iter_4000,2048,2048,ABBA,4000,7633.68
Iter_4000,2048,2048,ABBA,4000,7632.32
Iter_4000,2048,2048,ABBA,4000,7629.19
Iter_4000,2048,2048,ABBA,4000,7630.16
Iter_4000,2048,2048,ABBA,4000,7627.34
Iter_4000,2048,2048,ABBA,4000,7584.26
Iter_4000,2048,2048,ABBA,4000,7588.4
Iter_4000,2048,2048,ABBA,4000,7583.85
Iter_4000,2048,2048,ABBA,4000,7627.3
Iter_8000,2048,2048,ABBA,8000,15170
Iter_8000,2048,2048,ABBA,8000,15110
Iter_8000,2048,2048,ABBA,8000,15152
Iter_8000,2048,2048,ABBA,8000,15155.9
Iter_8000,2048,2048,ABBA,8000,15098.2
Iter_8000,2048,2048,ABBA,8000,15237.5
Iter_8000,2048,2048,ABBA,8000,15250.9
Iter_8000,2048,2048,ABBA,8000,15251
Iter_8000,2048,2048,ABBA,8000,15242.1
Iter_8000,2048,2048,ABBA,8000,15231.6
Iter_8000,2048,2048,ABBA,8000,15165.5
Iter_8000,2048,2048,ABBA,8000,15167.8
Iter_8000,2048,2048,ABBA,8000,15196.6
Iter_8000,2048,2048,ABBA,8000,15164.4
Iter_8000,2048,2048,ABBA,8000,15107.7
Iter_8000,2048,2048,ABBA,8000,15148
Iter_8000,2048,2048,ABBA,8000,15153.1
Iter_8000,2048,2048,ABBA,8000,15105.1
Iter_8000,2048,2048,ABBA,8000,15244
Iter_8000,2048,2048,ABBA,8000,15241.2
Iter_8000,2048,2048,ABBA,8000,15240.3
Iter_8000,2048,2048,ABBA,8000,15241.2
Iter_8000,2048,2048,ABBA,8000,15235.4
Iter_8000,2048,2048,ABBA,8000,15164.8
Iter_8000,2048,2048,ABBA,8000,15194.3
Iter_8000,2048,2048,ABBA,8000,15173.4
Iter_8000,2048,2048,ABBA,8000,15095.6
Iter_8000,2048,2048,ABBA,8000,15162.5
Iter_8000,2048,2048,ABBA,8000,15167
Iter_8000,2048,2048,ABBA,8000,15103.4
Iter_8000,2048,2048,ABBA,8000,15244.6
Iter_8000,2048,2048,ABBA,8000,15241.9
Iter_8000,2048,2048,ABBA,8000,15232.9
Iter_8000,2048,2048,ABBA,8000,15230.1
Iter_8000,2048,2048,ABBA,8000,15235.1
Iter_8000,2048,2048,ABBA,8000,15151.9
Iter_8000,2048,2048,ABBA,8000,15154.1
Iter_8000,2048,2048,ABBA,8000,15198.6
Iter_8000,2048,2048,ABBA,8000,15175.1
Iter_8000,2048,2048,ABBA,8000,15100
Iter_8000,2048,2048,ABBA,8000,15148
Iter_8000,2048,2048,ABBA,8000,15160.8
Iter_8000,2048,2048,ABBA,8000,15113.4
Iter_8000,2048,2048,ABBA,8000,15239.1
Iter_8000,2048,2048,ABBA,8000,15231.7
Iter_8000,2048,2048,ABBA,8000,15249.9
Iter_8000,2048,2048,ABBA,8000,15239.1
Iter_8000,2048,2048,ABBA,8000,15157.9
Iter_8000,2048,2048,ABBA,8000,15164.8
Iter_8000,2048,2048,ABBA,8000,15185.3
Iter_8000,2048,2048,ABBA,8000,15188.7
Iter_8000,2048,2048,ABBA,8000,15094.6
Iter_8000,2048,2048,ABBA,8000,15151.3
Iter_8000,2048,2048,ABBA,8000,15154.4
Iter_8000,2048,2048,ABBA,8000,15095.9
Iter_8000,2048,2048,ABBA,8000,15243.6
Iter_8000,2048,2048,ABBA,8000,15245.1
Iter_8000,2048,2048,ABBA,8000,15243.5
Iter_8000,2048,2048,ABBA,8000,15154.9
Iter_8000,2048,2048,ABBA,8000,15165.6
Iter_8000,2048,2048,ABBA,8000,15162.2
Iter_8000,2048,2048,ABBA,8000,15203.3
Iter_8000,2048,2048,ABBA,8000,15196.4
Iter_8000,2048,2048,ABBA,8000,15098.8
Iter_8000,2048,2048,ABBA,8000,15161.8
Iter_8000,2048,2048,ABBA,8000,15152.2
Iter_8000,2048,2048,ABBA,8000,15103.1
Iter_8000,2048,2048,ABBA,8000,15240.8
Iter_8000,2048,2048,ABBA,8000,15253
Iter_8000,2048,2048,ABBA,8000,15248.4
Iter_8000,2048,2048,ABBA,8000,15246.2
Iter_8000,2048,2048,ABBA,8000,15163.8
Iter_8000,2048,2048,ABBA,8000,15160.4
Iter_8000,2048,2048,ABBA,8000,15205.1
Iter_8000,2048,2048,ABBA,8000,15185.6
Iter_8000,2048,2048,ABBA,8000,15106.1
Iter_8000,2048,2048,ABBA,8000,15162.7
Iter_8000,2048,2048,ABBA,8000,15158.9
Iter_8000,2048,2048,ABBA,8000,15107.9
Iter_8000,2048,2048,ABBA,8000,15237.4
Iter_8000,2048,2048,ABBA,8000,15236.7
Iter_8000,2048,2048,ABBA,8000,15236.5
Iter_8000,2048,2048,ABBA,8000,15242.5
Iter_8000,2048,2048,ABBA,8000,15154.1
Iter_8000,2048,2048,ABBA,8000,15205.7
Iter_8000,2048,2048,ABBA,8000,15167.9
Iter_8000,2048,2048,ABBA,8000,15044.5
Iter_8000,2048,2048,ABBA,8000,15158.8
Iter_8000,2048,2048,ABBA,8000,15150.6
Iter_8000,2048,2048,ABBA,8000,15055.3
Iter_8000,2048,2048,ABBA,8000,15223.8
Iter_8000,2048,2048,ABBA,8000,15204.2
Iter_8000,2048,2048,ABBA,8000,15219.8
Iter_8000,2048,2048,ABBA,8000,15222.1
Iter_8000,2048,2048,ABBA,8000,15222.6
Iter_8000,2048,2048,ABBA,8000,15199.5
Iter_8000,2048,2048,ABBA,8000,15145.8
Iter_8000,2048,2048,ABBA,8000,15056
Iter_8000,2048,2048,ABBA,8000,15151.9
Iter_8000,2048,2048,ABBA,8000,15152.7
Iter_16000,2048,2048,ABBA,16000,30093.3
Iter_16000,2048,2048,ABBA,16000,30398.6
Iter_16000,2048,2048,ABBA,16000,30396
Iter_16000,2048,2048,ABBA,16000,30410.3
Iter_16000,2048,2048,ABBA,16000,30407.9
Iter_16000,2048,2048,ABBA,16000,30305.5
Iter_16000,2048,2048,ABBA,16000,30211.9
Iter_16000,2048,2048,ABBA,16000,30282.1
Iter_16000,2048,2048,ABBA,16000,30121.2
Iter_16000,2048,2048,ABBA,16000,30402.2
Iter_16000,2048,2048,ABBA,16000,30401.5
Iter_16000,2048,2048,ABBA,16000,30391.8
Iter_16000,2048,2048,ABBA,16000,30392.9
Iter_16000,2048,2048,ABBA,16000,30264.5
Iter_16000,2048,2048,ABBA,16000,30244.3
Iter_16000,2048,2048,ABBA,16000,30290.2
Iter_16000,2048,2048,ABBA,16000,30081.4
Iter_16000,2048,2048,ABBA,16000,30400.8
Iter_16000,2048,2048,ABBA,16000,30408.4
Iter_16000,2048,2048,ABBA,16000,30398.4
Iter_16000,2048,2048,ABBA,16000,30402.2
Iter_16000,2048,2048,ABBA,16000,30257.9
Iter_16000,2048,2048,ABBA,16000,30243.5
Iter_16000,2048,2048,ABBA,16000,30287.3
Iter_16000,2048,2048,ABBA,16000,30078.5
Iter_16000,2048,2048,ABBA,16000,30409.6
Iter_16000,2048,2048,ABBA,16000,30403.1
Iter_16000,2048,2048,ABBA,16000,30407.8
Iter_16000,2048,2048,ABBA,16000,30404.3
Iter_16000,2048,2048,ABBA,16000,30264.4
Iter_16000,2048,2048,ABBA,16000,30238.7
Iter_16000,2048,2048,ABBA,16000,30295
Iter_16000,2048,2048,ABBA,16000,30070.9
Iter_16000,2048,2048,ABBA,16000,30409.3
Iter_16000,2048,2048,ABBA,16000,30405.6
Iter_16000,2048,2048,ABBA,16000,30403.6
Iter_16000,2048,2048,ABBA,16000,30397.4
Iter_16000,2048,2048,ABBA,16000,30400.6
Iter_16000,2048,2048,ABBA,16000,30252.4
Iter_16000,2048,2048,ABBA,16000,30261.7
Iter_16000,2048,2048,ABBA,16000,30292.2
Iter_16000,2048,2048,ABBA,16000,30074
Iter_16000,2048,2048,ABBA,16000,30398
Iter_16000,2048,2048,ABBA,16000,30396
Iter_16000,2048,2048,ABBA,16000,30412.1
Iter_16000,2048,2048,ABBA,16000,30408.9
Iter_16000,2048,2048,ABBA,16000,30400.5
Iter_16000,2048,2048,ABBA,16000,30331.5
Iter_16000,2048,2048,ABBA,16000,30254.6
Iter_16000,2048,2048,ABBA,16000,30290.2
Iter_16000,2048,2048,ABBA,16000,30086.9
Iter_16000,2048,2048,ABBA,16000,30406.4
Iter_16000,2048,2048,ABBA,16000,30404.3
Iter_16000,2048,2048,ABBA,16000,30397.9
Iter_16000,2048,2048,ABBA,16000,30382.2
Iter_16000,2048,2048,ABBA,16000,30397.8
Iter_16000,2048,2048,ABBA,16000,30251.7
Iter_16000,2048,2048,ABBA,16000,30246.8
Iter_16000,2048,2048,ABBA,16000,30287.2
Iter_16000,2048,2048,ABBA,16000,30081.1
Iter_16000,2048,2048,ABBA,16000,30393.1
Iter_16000,2048,2048,ABBA,16000,30401.9
Iter_16000,2048,2048,ABBA,16000,30396.4
Iter_16000,2048,2048,ABBA,16000,30394.9
Iter_16000,2048,2048,ABBA,16000,30399.3
Iter_16000,2048,2048,ABBA,16000,30242.6
Iter_16000,2048,2048,ABBA,16000,30244.4
Iter_16000,2048,2048,ABBA,16000,30301.3
Iter_16000,2048,2048,ABBA,16000,30070.2
Iter_16000,2048,2048,ABBA,16000,30394.3
Iter_16000,2048,2048,ABBA,16000,30408.9
Iter_16000,2048,2048,ABBA,16000,30407.1
Iter_16000,2048,2048,ABBA,16000,30408.1
Iter_16000,2048,2048,ABBA,16000,30406.2
Iter_16000,2048,2048,ABBA,16000,30248.8
Iter_16000,2048,2048,ABBA,16000,30252
Iter_16000,2048,2048,ABBA,16000,30304.7
Iter_16000,2048,2048,ABBA,16000,30069.3
Iter_16000,2048,2048,ABBA,16000,30413
Iter_16000,2048,2048,ABBA,16000,30404.6
Iter_16000,2048,2048,ABBA,16000,30411.7
Iter_16000,2048,2048,ABBA,16000,30403.7
Iter_16000,2048,2048,ABBA,16000,30404.8
Iter_16000,2048,2048,ABBA,16000,30243.7
Iter_16000,2048,2048,ABBA,16000,30250.7
Iter_16000,2048,2048,ABBA,16000,30291.9
Iter_16000,2048,2048,ABBA,16000,30076.9
Iter_16000,2048,2048,ABBA,16000,30288.8
Iter_16000,2048,2048,ABBA,16000,30311.5
Iter_16000,2048,2048,ABBA,16000,30314.7
Iter_16000,2048,2048,ABBA,16000,30282.5
Iter_16000,2048,2048,ABBA,16000,30196.1
Iter_16000,2048,2048,ABBA,16000,30245.5
Iter_16000,2048,2048,ABBA,16000,30289.6
Iter_16000,2048,2048,ABBA,16000,30080.9
Iter_16000,2048,2048,ABBA,16000,30289.6
Iter_16000,2048,2048,ABBA,16000,30299.4
Iter_16000,2048,2048,ABBA,16000,30314.3
Iter_16000,2048,2048,ABBA,16000,30299.6
Iter_16000,2048,2048,ABBA,16000,30190.4
Iter_32000,2048,2048,ABBA,32000,60690.1
Iter_32000,2048,2048,ABBA,32000,61011.1
Iter_32000,2048,2048,ABBA,32000,60563.5
Iter_32000,2048,2048,ABBA,32000,60564.7
Iter_32000,2048,2048,ABBA,32000,60569.6
Iter_32000,2048,2048,ABBA,32000,60749.4
Iter_32000,2048,2048,ABBA,32000,60600.4
Iter_32000,2048,2048,ABBA,32000,60593.8
Iter_32000,2048,2048,ABBA,32000,60585.7
Iter_32000,2048,2048,ABBA,32000,60558.3
Iter_32000,2048,2048,ABBA,32000,60763.3
Iter_32000,2048,2048,ABBA,32000,60586.3
Iter_32000,2048,2048,ABBA,32000,60565.5
Iter_32000,2048,2048,ABBA,32000,60554.7
Iter_32000,2048,2048,ABBA,32000,60708.9
Iter_32000,2048,2048,ABBA,32000,60789.2
Iter_32000,2048,2048,ABBA,32000,60575.8
Iter_32000,2048,2048,ABBA,32000,61010.4
Iter_32000,2048,2048,ABBA,32000,60574
Iter_32000,2048,2048,ABBA,32000,60577.4
Iter_32000,2048,2048,ABBA,32000,60552.8
Iter_32000,2048,2048,ABBA,32000,60733.9
Iter_32000,2048,2048,ABBA,32000,60570.6
Iter_32000,2048,2048,ABBA,32000,60997.4
Iter_32000,2048,2048,ABBA,32000,60570.9
Iter_32000,2048,2048,ABBA,32000,60545
Iter_32000,2048,2048,ABBA,32000,60595.6
Iter_32000,2048,2048,ABBA,32000,60820.3
Iter_32000,2048,2048,ABBA,32000,60552.7
Iter_32000,2048,2048,ABBA,32000,61008.1
Iter_32000,2048,2048,ABBA,32000,60583.9
Iter_32000,2048,2048,ABBA,32000,60600.9
Iter_32000,2048,2048,ABBA,32000,60654.2
Iter_32000,2048,2048,ABBA,32000,60759.7
Iter_32000,2048,2048,ABBA,32000,60559.3
Iter_32000,2048,2048,ABBA,32000,60978.8
Iter_32000,2048,2048,ABBA,32000,60553.2
Iter_32000,2048,2048,ABBA,32000,60596.4
Iter_32000,2048,2048,ABBA,32000,60558.3
Iter_32000,2048,2048,ABBA,32000,60757.8
Iter_32000,2048,2048,ABBA,32000,60497.5
Iter_32000,2048,2048,ABBA,32000,61014.5
Iter_32000,2048,2048,ABBA,32000,61010
Iter_32000,2048,2048,ABBA,32000,60597.8
Iter_32000,2048,2048,ABBA,32000,60553.9
Iter_32000,2048,2048,ABBA,32000,60680.1
Iter_32000,2048,2048,ABBA,32000,60489.6
Iter_32000,2048,2048,ABBA,32000,61002.9
Iter_32000,2048,2048,ABBA,32000,60794.5
Iter_32000,2048,2048,ABBA,32000,60560.8
Iter_32000,2048,2048,ABBA,32000,60563.6
Iter_32000,2048,2048,ABBA,32000,60734.2
Iter_32000,2048,2048,ABBA,32000,60455.1
Iter_32000,2048,2048,ABBA,32000,61008.4
Iter_32000,2048,2048,ABBA,32000,60565.5
Iter_32000,2048,2048,ABBA,32000,60596.7
Iter_32000,2048,2048,ABBA,32000,60739.3
Iter_32000,2048,2048,ABBA,32000,60501.5
Iter_32000,2048,2048,ABBA,32000,61001.3
Iter_32000,2048,2048,ABBA,32000,60580.4
Iter_32000,2048,2048,ABBA,32000,60652.5
Iter_32000,2048,2048,ABBA,32000,60682.6
Iter_32000,2048,2048,ABBA,32000,60484
Iter_32000,2048,2048,ABBA,32000,61011.5
Iter_32000,2048,2048,ABBA,32000,60552.8
Iter_32000,2048,2048,ABBA,32000,60610.6
Iter_32000,2048,2048,ABBA,32000,60695.6
Iter_32000,2048,2048,ABBA,32000,60497.3
Iter_32000,2048,2048,ABBA,32000,61006.7
Iter_32000,2048,2048,ABBA,32000,60565.2
Iter_32000,2048,2048,ABBA,32000,60571.7
Iter_32000,2048,2048,ABBA,32000,60635.4
Iter_32000,2048,2048,ABBA,32000,60445.8
Iter_32000,2048,2048,ABBA,32000,61005.2
Iter_32000,2048,2048,ABBA,32000,61012.6
Iter_32000,2048,2048,ABBA,32000,60557
Iter_32000,2048,2048,ABBA,32000,60690.8
Iter_32000,2048,2048,ABBA,32000,60451.1
Iter_32000,2048,2048,ABBA,32000,61014
Iter_32000,2048,2048,ABBA,32000,61010
Iter_32000,2048,2048,ABBA,32000,60693.7
Iter_32000,2048,2048,ABBA,32000,60562.1
Iter_32000,2048,2048,ABBA,32000,60621.8
Iter_32000,2048,2048,ABBA,32000,60501.6
Iter_32000,2048,2048,ABBA,32000,60998.7
Iter_32000,2048,2048,ABBA,32000,61020.3
Iter_32000,2048,2048,ABBA,32000,60776.6
Iter_32000,2048,2048,ABBA,32000,60587.9
Iter_32000,2048,2048,ABBA,32000,60732.5
Iter_32000,2048,2048,ABBA,32000,60497.9
Iter_32000,2048,2048,ABBA,32000,61001.7
Iter_32000,2048,2048,ABBA,32000,61007.2
Iter_32000,2048,2048,ABBA,32000,60785.2
Iter_32000,2048,2048,ABBA,32000,60716.5
Iter_32000,2048,2048,ABBA,32000,60705.2
Iter_32000,2048,2048,ABBA,32000,60334.8
Iter_32000,2048,2048,ABBA,32000,61002.2
Iter_32000,2048,2048,ABBA,32000,61001.6
Iter_32000,2048,2048,ABBA,32000,61198
Iter_32000,2048,2048,ABBA,32000,60842.6
